"type","value","source"
"hash_sha1","02065BBDB3209E0522DB3225600B8E79F8A10293","public"
"hash_sha1","089439168D3C75B4DA94AB801F1C46AD6B9E1FDC","public"
"hash_sha1","0E282DC84D6CFD447FECE7D3ECC622523B143AA8","public"
"hash_sha1","151DC47B213AAEC3751FFD1427737C65757AB410","public"
"hash_sha1","207B7CF5DB59D70D4789CB91194C732BCD1CFB4B","public"
"hash_sha1","23C4049121A9649682B3B901EAAC0CC52C308756","public"
"hash_sha1","25A593B9517D6C325598EAB46833003C40F9491A","public"
"hash_sha1","2B9B740FB5FE0549810500476F567002683DF71D","public"
"hash_sha1","334A88E288AE18C6E3FD7FB2D1AD9548497D52CE","public"
"hash_sha1","3CAC6FF7CDDCB8F82409C79C85D976300FC60861","public"
"hash_sha1","492CBE143F795888D8E5006AC595F65F4565ED6E","public"
"hash_sha1","495A4B4757F3B1EEC7FDAA9D0B2930071565F2B1","public"
"hash_sha1","49CD96DF4C85CDD7461701340C0BB4D05A5049D8","public"
"hash_sha1","4AEEAE023766153A91B83D02B1B24DA20C0DD135","public"
"hash_sha1","4DC0EBFA52ADF9B9EB4FA8F0A359C21A14E183FB","public"
"hash_sha1","4DD22A08A5B103E1F2238AED7F7CE66C5A542533","public"
"hash_sha1","4FA2B2AB3E24EE9D130CFEDA63C7AE1CCBC393DC","public"
"hash_sha1","55EEAA904BC6518A2715CC77648E6C5187416A46","public"
"hash_sha1","81622512757F897206A84B29EE866FB933FA3D48","public"
"hash_sha1","9022F78087E1679035E09160D59D679DC3AC345D","public"
"hash_sha1","9DC3D272652851428F5CC44F2FD9458BFF1D6A78","public"
"hash_sha1","A5C36B8022751CFEB4A88A21153847DF3870C7C0","public"
"hash_sha1","A9BBEA73504139CE91A0EC20FEF303C68A131CD4","public"
"hash_sha1","AD3DBEC2B621807FA9A2F1B2F575D7077E494626","public"
"hash_sha1","BE52275B0C2086735DAC478DC4F09FD16031669A","public"
"hash_sha1","C879A8EB6630B0CD7537B068F4E9AF2C9CA08A62","public"
"hash_sha1","D102A34B3F0EFB57F1D9F04EFF26B256875A3AA1","public"
"hash_sha1","F31920D636224356E8C7A182C2B9B37E42A09181","public"
"hash_sha1","FF7B2C3938306261881C42E78D0DF51D9BCDD574","public"
